Usuario,Password
breSt12,pass1212
Juan,pass1515
Usk,pinga1111
Lelja,ramon1234
Weird,pass1212
rand,contra3333
nena,estaeslacontrasena31
chuchito,weirdxxxx
pierna,bolsa1354
otrouser,quisrierajsx
anotherone,khaleddjlolsupreme
joh3,newonepass3333
Juan,terramoda123
jamon,123
jammm,inmre
ramon,nena12345ss
otrouser,quisrierajsx
Weird,quisrierajsx
nuevo,esteesnuevolol
Leilja,hahaha12
anotherone,ps
nena,yaexiste
barcelona,newonepass3333
madrid,imfrommadridhehe
chuchito2,theesanotherchuchito
Barcelona,completellydifferent
otrouser,quisrierajsx
