contenido,archivo
id turpis integer aliquet,PellentesqueAt.pkg
ridiculus mus etiam vel augue vestibulum,VitaeNisl.ra
ac tellus semper interdum mauris ullamcorper purus,VariusNullaFacilisi.svf
arcu sed,VenenatisLaciniaAenean.pm
volutpat in congue etiam justo etiam pretium,IdLigulaSuspendisse.shar
elit proin interdum,IntegerTincidunt.ppa
quisque porta volutpat,Convallis.for
enim in tempor,Lacinia.sol
lacus at turpis donec,Viverra.idc
diam vitae quam suspendisse potenti nullam porttitor lacus,Lorem.pas
quisque porta volutpat erat,Ut.mbd
aliquet at feugiat non pretium,VivamusTortorDuis.spr
eget orci vehicula,Eu.fpx
et ultrices posuere cubilia curae,Faucibus.spl
ut blandit non interdum in ante vestibulum ante,SedVestibulum.mjpg
id ligula suspendisse ornare consequat lectus in,MorbiQuis.nix
justo eu massa donec dapibus duis at velit,LoremIpsum.mcd
eu sapien,OrciVehicula.mif
volutpat quam pede lobortis,PulvinarSed.pko
platea dictumst etiam faucibus cursus urna,PorttitorLorem.gsp
quam suspendisse,Nisi.xm
diam erat,Aliquet.htx
primis in faucibus orci luctus et,SedSagittis.abc
erat vestibulum sed magna at nunc commodo,RisusDapibus.sl
nibh in,Nec.xld
amet sapien dignissim vestibulum vestibulum ante ipsum,Mattis.hlp
ridiculus mus vivamus vestibulum sagittis sapien cum sociis,LeoPellentesqueUltrices.xlk
interdum venenatis turpis enim,Justo.wp5
leo odio condimentum id luctus nec molestie,SedMagnaAt.h
natoque penatibus et,Vulputate.xld
natoque penatibus et,LobortisSapienSapien.xla
posuere cubilia curae donec pharetra,LacusPurus.vst
vel ipsum praesent blandit,ImperdietSapien.rmp
vitae mattis nibh ligula nec sem duis,CumSociis.tif
dapibus augue vel,Vestibulum.xll
sagittis sapien cum sociis,QuisJustoMaecenas.xif
semper rutrum nulla nunc purus,Maecenas.oda
vestibulum ante,MetusAeneanFermentum.zsh
cras pellentesque volutpat,PulvinarLobortisEst.wri
lorem ipsum dolor sit amet consectetuer adipiscing elit,AeneanSitAmet.saveme
erat volutpat in congue etiam justo etiam pretium,DiamId.etx
ipsum integer a nibh in quis justo maecenas,CuraeDonecPharetra.fdf
leo maecenas pulvinar lobortis est phasellus sit amet,ErosViverra.xl
ante ipsum primis in faucibus orci luctus,Eget.qti
rutrum nulla,Lectus.mv
mattis nibh ligula,CongueRisusSemper.lha
ac leo pellentesque ultrices mattis odio donec,Dictumst.mp3
a libero nam dui proin,InTempor.spr
posuere cubilia curae,InLibero.dxf
feugiat non pretium quis lectus suspendisse,Volutpat.tgz
amet justo morbi ut odio,Molestie.js
augue vestibulum rutrum,AliquetPulvinarSed.tr
posuere felis sed lacus,A.hpg
nulla sed accumsan felis ut at,Quam.tiff
vivamus tortor duis mattis egestas metus,AnteIpsumPrimis.xpix
ante vestibulum ante ipsum,SitAmet.evy
hac habitasse platea dictumst,SapienALibero.xl
velit donec diam neque,MetusAeneanFermentum.cc
rutrum neque aenean auctor gravida sem,A.elc
vulputate vitae nisl aenean lectus pellentesque eget nunc,InTempus.hpgl
quisque id,AugueVestibulumAnte.mp2
ultrices libero non mattis,NonSodalesSed.pfunk
accumsan tortor quis turpis sed,InterdumMaurisUllamcorper.def
ac leo pellentesque,ConvallisTortorRisus.htt
quam pede lobortis ligula sit,PellentesqueAtNulla.ksh
felis sed,Posuere.wri
duis consequat dui nec nisi volutpat eleifend donec,Aliquet.xgz
porta volutpat quam pede lobortis ligula sit,AtFeugiatNon.xml
platea dictumst maecenas ut massa quis augue luctus,PrimisIn.f
hac habitasse platea dictumst maecenas ut massa quis,Felis.avi
pede libero quis orci nullam molestie,AtFeugiatNon.smil
ullamcorper purus sit amet,Vulputate.wri
penatibus et magnis,Dolor.xlm
tempor convallis,Eu.js
rutrum ac lobortis vel dapibus,Fusce.lha
orci nullam,Leo.lhx
quis orci nullam molestie nibh in lectus pellentesque,Vulputate.mcd
eu magna vulputate luctus cum sociis natoque penatibus,SollicitudinVitaeConsectetuer.zip
est et,EratCurabiturGravida.map
amet diam in magna,AliquetMassa.ltx
ultrices posuere cubilia curae donec pharetra,AtNuncCommodo.avs
nulla quisque arcu libero rutrum ac lobortis vel,MassaQuisAugue.iv
ligula pellentesque ultrices phasellus id,InImperdiet.s
mattis odio,Duis.xml
id sapien,A.word
nam dui proin leo odio porttitor,AnteIpsum.spl
a suscipit nulla elit ac nulla sed,Morbi.dwf
praesent blandit nam nulla,ElementumInHac.p7a
non sodales sed tincidunt eu felis fusce,Interdum.p7c
vestibulum rutrum rutrum neque aenean,Faucibus.eps
aliquam sit amet,Mi.zip
auctor gravida sem,APedePosuere.word
vestibulum eget,VestibulumAnteIpsum.xwd
velit id pretium iaculis,Viverra.xls
lectus in est risus auctor sed tristique,Ut.ps
praesent blandit lacinia,Suspendisse.ppt
in ante,Parturient.mp3
sapien non mi integer,Quam.der
nullam porttitor lacus,Odio.aim
tempus vivamus,EratVestibulum.mp3
