Usuario,Password
zaickin0,rjyFPMBD
afiggs1,QNEMZzgc
jmarti2,XSdmyXNN
repetido,vmCNhkCU
bhadden4,HAbJVdZu
ggabriel5,CwuYanGK
cmactrustey6,mDXDtEuf
cbonicelli7,QYNdvJpm
ktubb8,kMGdLdcx
ksandy9,NsJDqBEW
channona,kRnWDFzj
cstonefewingsb,kXpLXqhs
gcuniamc,XtCMKmYH
bhallsworthd,SddRMYDL
mtrane,XqzDGMXP
ncavilf,sCSeLPaJ
josephCaceres,error
lrumbleh,DmFqRKwS
rfoulghami,ZMTCEmJX
mnannonij,BZBjEcqd
rlyokhink,GpCArRYP
hlehrerl,aGDSPdws
amohringm,nAMdfKWX
aharreman,XkNeQYdT
krawdaleso,xSPFMXdq
mnealandp,AAfgbhPV
prolinsonq,NbXmqPhX
repetido,error
rleakners,wNuaRUmD
fobleint,gdRLvLae
dmcteeru,FUeyDWQt
tbinniev,wyndMtWC
mdimitrescuw,WJZFjASF
ljekelx,VyUaUvxM
thowey,pGhFMDmR
fmacgounz,LQYrNyXH
mgomar10,WAGPpeKU
ldurek11,WpSETrRd
bkellock12,VtLKDYhB
jbrasher13,zAuMUGjS
nacedo14,JthwkKve
mmanuaud15,YnKwfBsF
cseers16,BMCafQUe
hcroome17,hDYVsqkf
abrando18,dCdFqLWL
bcadwallader19,ZJqgNYUe
rswinyard1a,PYhQXfQg
bdalinder1b,YUJFjadw
dtonsley1c,XtDPWMdk
wmurton1d,AGZWDQFL
aperham1e,HryzKJKh
sboldt1f,dHEVDwmk
ewilshaw1g,GTUAFHgw
aducker1h,xPvXgKLa
cbrownell1i,udeJDvSr
lsperski1j,pQzGdtRz
ytroth1k,rDpbgPhW
stenny1l,AwhTrBPp
bbrowett1m,FthkbARL
cawty1n,GpjRJARh
banderbrugge1o,nXvQRjPY
ccrenage1p,HfDdyAVS
hjanda1q,FTZLVRWM
sgertz1r,KVKacdUT
lcroyden1s,HuDgnLjq
tback1t,SZcefLyt
dpyrah1u,dpueWGXp
mgreenhaugh1v,SdhwHMED
adowbekin1w,HbDfkSsX
nmullinger1x,yPwDNthJ
mcouroy1y,DVsFVMNa
ecogger1z,EqSTjwdK
ksagg20,RHKbLVxU
bolivetta21,RnVPbrej
kcleland22,YDvSKJpM
rpomfrett23,ExdBWaPc
dbrockington24,CQjBTpwW
ldetoile25,EEfzcbhk
hpartner26,FDuXYSBw
mbrownett27,GmtuTAuE
mivy28,xfWpbQrC
kshorten29,ydCMuVZk
ceaklee2a,AFqYfzBR
scalverley2b,kDYeBgCL
sbeazer2c,YdGjnApP
dbellham2d,uhkHBKxc
ttaunton2e,YaPLVFTC
ualejandre2f,tVQfuxFD
baris2g,nDVBEFAY
pcanedo2h,HHJTZXzW
sseamans2i,YUQevVGz
eglendinning2j,tPVDpVsn
climprecht2k,JDBLDXRE
jarcase2l,wQMsMEdd
gcoslitt2m,nJUrAQVy
celsop2n,XYdzXrQq
rcathrae2o,rVmjZDqF
jzelake2p,DCNvqfBL
plangstaff2q,gDcPAbXJ
gbinyon2r,NqfGkmue
mthams2s,drDMEdBs
ebrewett2t,JNmRXsyd
bsquirrel2u,QRgpWnFd
lmcfetridge2v,zLdfYeME
lscapens2w,AzEgFZQX
clambrechts2x,gJYPFWhD
cphifer2y,BtVFZZQp
zwolffers2z,YTBdbYrn
sbertouloume30,rVCaGxQD
jmcrinn31,pamtTYZz
tlunt32,qdKvknTP
tmacdearmaid33,VXSDMJFa
mbowlas34,aVFZPKds
ehalworth35,DzDEMWCN
jreims36,XWEVrfHF
lcamplejohn37,JsWHTVnL
pyoxen38,tzdxbrPX
afirmage39,AnECaGKL
dleggan3a,fDZnEhqW
czaniolini3b,HcyPuJKT
qyerrell3c,qVwQHVeK
hskeath3d,GXWjQfkF
hrhule3e,DjcQhdAJ
ddoret3f,VCuKqNzL
syanele3g,NBEfXUwA
apavese3h,CzqQDnDF
slavallie3i,XEBLjezC
rkunneke3j,rCPzyLnu
aloads3k,ByfGCkVQ
cvarne3l,cdGHwHNT
dvivians3m,BuCXPcfs
smanuaud3n,XvUPnGfp
llaban3o,QdYXkDbD
rnoirel3p,MFxPubZC
jbus3q,UymjPXwr
nblanden3r,EFbmVTvD
hledgister3s,vPjdwZNA
hbigglestone3t,vYxNKtmf
edd,FjLXKbkB
emacneilage3v,JsPWkLNR
breedie3w,tpfhSKvP
pcottle3x,KYytQhkg
ttinner3y,KJMrXpNT
sgiovanitti3z,TmWeJfpB
bharder40,SGWBXmmg
saliman41,qjEVPdkX
jrispen42,nxfzHtSB
tsafont43,ugdhPhvH
mculleford44,JRdeSyzf
ChrisLopez,error
ctatnell46,ZYFSQVDP
tbartlam47,RvgFUbjH
rells48,DMeJHEtS
lcundict49,fcaLbwzL
struelove4a,KZJQAswT
bpatemore4b,FsEGxJgq
fezzle4c,HcDYAdWJ
bpursehouse4d,GdYzFKfM
bleprovest4e,pJhgXLTx
edonn4f,QfxUDdHv
daxten4g,YdjXyGps
ngisbourn4h,ZCLtaExP
mwright4i,GxMkEcRK
amclauchlin4j,WApjMxDV
aklimp4k,UtKFWjdX
rbabin4l,dDKfUBhZ
bsculpher4m,DGxSSHaj
uhumbert4n,ZJUXqcna
kboylan4o,DCWyemCE
edd,JefYPVcD
jensten4q,UZPypcCE
wcoe4r,VBwYgrnK
emaccrackan4s,knWtPDFz
gexelby4t,hJURxsjB
gvanwaadenburg4u,wHfVsVqW
flowes4v,FPLzJcEA
ballflatt4w,rLBPWeSz
fbarracks4x,UyRQPnSM
jkennelly4y,UDPDkESP
tbartoszek4z,tmRKZYyL
coscollee50,NDHUWfUG
pjiranek51,WhMFLUjg
sbreazeall52,LPAHGqBJ
gwebley53,eDaabNGA
srevell54,CVLxWysd
wsnarr55,XjJPeSaW
mseman56,VZXQmJzG
shardaway57,mtLRYbZw
nfoxwell58,qaceHsQC
jmarler59,RNNfBeVm
flekeux5a,WQBhuaMJ
alittlewood5b,puvfGdYM
jgirodon5c,DKtafMgK
kvogt5d,ZZcVhUtu
jburnie5e,VfADavRY
mselland5f,gsbRKhRL
hderyebarrett5g,AGExkSNK
hfley5h,CBEZmBqh
meustice5i,QPyCrBXM
rweekland5j,TCDKLzgY