password,usuario
EOoJolCwb,bpatifield0
doKcCkwdtBRD,dlockart1
9B1lBww54R,dioselevich2
xMFNpmpPPn,dcartin3
JVZgspsN,pstabler4
72QFqjlDDbvS,skroll5
dGPbIp6buPf,hryhorovich6
BIs92IRNZJ8,nbarcroft7
AVhaVFSGJG2L,jtest8
x4w0Ka,gtenby9
aCBkfsm6Jist,kwalthewa
X6Yice,mguilletonb
MQSHUj,ystainburnc
MLlNBu0o3jRk,cduferied
ql1p8T,cfassbendere
TTOZVG5A,rdubbinf
EQ4ibAX0,csimanenkog
TYelDlp0p,yshanksterh
hoISZayvLr,ezecchiii
LOvWQ57eSLvD,dgergj
bRBHzLd,mhuguetk
pvOqlNEfD,mmeadowsl
nKMrLVo0DSaP,jalesm
N1qFa0,kgheraldin
019HaKTK,mhellino
Os6bB8vndKv,rbascombp
TBLKdPMoQF,ibrunelq
dCdN80,cpharer
xWsOlQl,ccadagans
RqAtjDCDNZc,gwabyt
38YBedFaw9wT,rgrimditchu
CvlBL4Wtm,zskirlinv
pF8vHVEF363x,kdeverallw
sI42Sqb2WK,tgostallx
zBzJjYv,woakshotty
AFnFaKcTMU,cmingardoz
wtGbLpSUKP,erichardot10
53EWF1wHGSb5,mgiacomucci11
U863ciHLoL,mdancy12
axXg3M1miaTY,rtumbridge13
AuyC6muT7C,wgladdolph14
QoHRvdGd5J,pstivey15
RZvDQl,ewarsop16
HfYr4O6kUx,hdorsett17
lgy1lrtDW,besson18
fuOUDOGZIEf,emathison19
akDMcMv7zT,rsambell1a
w3pS07WksY,javeries1b
iUK2xi,wkemme1c
aYvNGIKsH,shutson1d
Sb5xz195I,kcaseley1e
fAb3QQviw,lwhitlow1f
g438KTJt,psimonaitis1g
QrYsDN,tattwool1h
OrvuIStpeW5,hribou1i
K0V6o8c,dcecere1j
6hzg7e,rohm1k
mGF3N3lcGJk6,jcottingham1l
1EECZi,cmccree1m
yJ91SqUM,stitmuss1n
bP7o3ydyXz,tdalziel1o
gajbZhuYK6s,njone1p
XiTtjMloIBmO,ctomson1q
GvYXWstV,ababbe1r
eLFE50lEnu,ncinnamond1s
RKA6cIvBTq,vbenedit1t
Nb2iw7Eh8eR,ekilbey1u
dTtHpQ9gAH,hcopeman1v
4O3WEuL,gfarge1w
p8ihYFU,kogglebie1x
nET2Bl7L,astackbridge1y
UECH9XDHD31D,egoves1z
gDMhCZvFB,sstinson20
iPF2O6n5P,daries21
5uCEJDgj,tdavenhill22
c1QYNGXTk,swoolgar23
5SVABCiSK,aheppenspall24
jL7K5wi,dbowhey25
yVVdvjd,cgawthrop26
ePakO4Zr48D,jdethloff27
eHg86btyT,mpeealess28
aj0VTy,sortmann29
I338xstOSi,asilverwood2a
rW8jnM,lmacclay2b
5mfRuAwzLwq,klambell2c
luFg2y,bcummings2d
VYXU3cMoR,aeilert2e
GyUZc8,rpepin2f
GqzDeGhio50z,bnormanvill2g
cimgcz,pbaxstare2h
zFNnT67Gfe,ccollie2i
l9f0XO,bcapelin2j
9zDTYp7V6,kbread2k
hHVBaH8,zpontefract2l
epfP1v,kdudeney2m
iQzTNxixXWNR,jfawdry2n
Mt9eb8UUjv,codoherty2o
MYjDcoU5y,cblasdale2p
iwqwlwwIB,jnoot2q
IIWDIxZe2Z65,cecclestone2r
