usuario,password
aguittet0,KGTglwC
mgawne1,Db2KGi4c3
dversey2,0JDKzrjd
ldicarli3,jVLpXuN
ccrose4,EPXKo3sp
rwoodroffe5,egOH0dtuERC9
acrosswaite6,QefPoAcM
rgreatrex7,rzYWudn
lhexum8,565UsIMqEO
fandrioletti9,RDA5SH
lcookesa,6O2quFYIY4
sforrestorb,bxVdy7hmsLrn
eharviec,Q0jeYF
xzahord,YeqirZWQXVrr
mbarkuse,REMlR59RWh4
tkelwayf,0kMuUdU
fderoeckg,waq6pnp1S
avirgoeh,cyaQScoDiQ
tpidgeni,YsoMZ9xyMw
lbasilij,9KQdQmyL
nredingk,ur2R2GVC6
pcrazel,PMXVuGGO
mkinworthym,cI0x7lMzDq
iwoodfinen,Ajys029IAj1c
pwalkingshawo,HBwgqxU4ooQw
zcomerp,nM5QZiy9HhGJ
gnannq,0D5jLiTtSR
mcorkanr,bcDIng1pFf
klangworthys,QAp7WR
mdegliantonit,JxOQ3PB5
rlewintonu,Xud0pHM
lcuttsv,Nhiojy
lcolvinw,ZMPtMjva
phowgatex,jF90ksGEHWx
scastellany,VLpefwo1
sbiggz,wgALiU6Ecxw
cwoodage10,bIgLbY0LlxP
fbaumer11,7ufOaXiW0N
vsextone12,6l3bnMiUs
cformoy13,gJfr9e
ahousegoe14,Oep4BhY
cwalshaw15,Z6xQ3UOPno7
dmeininger16,q8qZ7b5
eyouell17,EIvw0yZt
cmakeswell18,PkFFU2E
emcrorie19,w07SWib3JW4
kdjokic1a,iokYbEa7gwP
ccheesworth1b,KEvbI8F
jbenka1c,iL1SzUePcPN
ecoling1d,9v64DZvd9pjR
zcoils1e,1xYV1Zy3gJ9
athewles1f,HnhJAbkzi9A
zdoherty1g,L1ZkRGjnrOd9
rchsteney1h,JZ6lw5QCW
calflatt1i,TqPCh1
awhifen1j,Krm9RJX
tvance1k,FKXxh2I2W
bgilfoyle1l,34PXx29
mwaddilove1m,rloqRJ6
tpriel1n,ZpbQ9C6uGH2
nmcgorley1o,nFYiJMXlW
tlidierth1p,eu4UOc
itubridy1q,YSIqRfUG
mantonijevic1r,8wzqcOiMi6F
asnow1s,OqEMau
croston1t,omYxiOVfZDQ2
odentith1u,myelYYmWEFqz
akift1v,3Ne5IDhQZkd
cspeakman1w,kuY0C0rh5RB1
smcgeady1x,YKawRVf7Zm
njeaneau1y,WKHmVWPaMP
rseager1z,rhxRfl1X
mwolfit20,Efvds4k
gpreedy21,NLNC7JxqFAi
kcallar22,wBEOYzLDYI
hswinley23,JU6WvmMfvH
htattam24,UbU3TvX5fp
rpergens25,vXPevxz
nallchorne26,s88i3Tf1AaG
kbraunstein27,L6NHuc
mashbee28,GQsBQn
dmasurel29,LsgKEYBLpvVi
aderechter2a,6E49pzeDQmXv
amathias2b,4UE0Kop
amotto2c,j40mwE
nbalderstone2d,o4sxVlHf
bcarlon2e,TrfwoNAfN8uB
zsquirrell2f,c6KlfhUYq2OY
emaisey2g,NhYY3e
wgetten2h,FaQpv6
ajenken2i,cGG8VcKFT
gcusted2j,josQhSC
afenelon2k,NkteimZXVLfP
mpastor2l,zVg5NC
bodowling2m,Lk1LeljtzC82
aible2n,KEVTIBMPvc54
bvell2o,m17vWEnAyCJ
elints2p,RbInwLkMP
jreavey2q,Ow0RHh
twhittles2r,NcE8mqB
